<annotation>
	<folder>images</folder>
	<filename>1000_F_36976955_FuHxpdmgINMnknNQlVdk6fSwKnUox4b3.jpg</filename>
	<path>D:\Software Project\Thumbs_UP\images\1000_F_36976955_FuHxpdmgINMnknNQlVdk6fSwKnUox4b3.jpg</path>
	<source>
		<database>Unknown</database>
	</source>
	<size>
		<width>649</width>
		<height>1000</height>
		<depth>3</depth>
	</size>
	<segmented>0</segmented>
	<object>
		<name>thumb</name>
		<pose>Unspecified</pose>
		<truncated>0</truncated>
		<difficult>0</difficult>
		<bndbox>
			<xmin>204</xmin>
			<ymin>656</ymin>
			<xmax>331</xmax>
			<ymax>925</ymax>
		</bndbox>
	</object>
</annotation>
