<annotation>
	<folder>images</folder>
	<filename>1000_F_218055626_dn6Uymjb3HxIW8jkAm4BvOwQZ1gD7Q5a.jpg</filename>
	<path>D:\Software Project\Thumbs_UP\images\1000_F_218055626_dn6Uymjb3HxIW8jkAm4BvOwQZ1gD7Q5a.jpg</path>
	<source>
		<database>Unknown</database>
	</source>
	<size>
		<width>1000</width>
		<height>667</height>
		<depth>3</depth>
	</size>
	<segmented>0</segmented>
	<object>
		<name>thumb</name>
		<pose>Unspecified</pose>
		<truncated>0</truncated>
		<difficult>0</difficult>
		<bndbox>
			<xmin>18</xmin>
			<ymin>290</ymin>
			<xmax>97</xmax>
			<ymax>442</ymax>
		</bndbox>
	</object>
	<object>
		<name>thumb</name>
		<pose>Unspecified</pose>
		<truncated>0</truncated>
		<difficult>0</difficult>
		<bndbox>
			<xmin>98</xmin>
			<ymin>322</ymin>
			<xmax>210</xmax>
			<ymax>511</ymax>
		</bndbox>
	</object>
	<object>
		<name>thumb</name>
		<pose>Unspecified</pose>
		<truncated>0</truncated>
		<difficult>0</difficult>
		<bndbox>
			<xmin>611</xmin>
			<ymin>332</ymin>
			<xmax>722</xmax>
			<ymax>515</ymax>
		</bndbox>
	</object>
	<object>
		<name>thumb</name>
		<pose>Unspecified</pose>
		<truncated>0</truncated>
		<difficult>0</difficult>
		<bndbox>
			<xmin>895</xmin>
			<ymin>255</ymin>
			<xmax>986</xmax>
			<ymax>414</ymax>
		</bndbox>
	</object>
	<object>
		<name>thumb</name>
		<pose>Unspecified</pose>
		<truncated>0</truncated>
		<difficult>0</difficult>
		<bndbox>
			<xmin>614</xmin>
			<ymin>261</ymin>
			<xmax>670</xmax>
			<ymax>399</ymax>
		</bndbox>
	</object>
</annotation>
