<annotation>
	<folder>images</folder>
	<filename>1000_F_124891275_86fUelOg8VoPSI2otd77orwvvVS9ePed.jpg</filename>
	<path>D:\Software Project\Thumbs_UP\images\1000_F_124891275_86fUelOg8VoPSI2otd77orwvvVS9ePed.jpg</path>
	<source>
		<database>Unknown</database>
	</source>
	<size>
		<width>1000</width>
		<height>667</height>
		<depth>3</depth>
	</size>
	<segmented>0</segmented>
	<object>
		<name>thumb</name>
		<pose>Unspecified</pose>
		<truncated>0</truncated>
		<difficult>0</difficult>
		<bndbox>
			<xmin>281</xmin>
			<ymin>277</ymin>
			<xmax>386</xmax>
			<ymax>457</ymax>
		</bndbox>
	</object>
</annotation>
