<annotation>
	<folder>images</folder>
	<filename>134451759-business-man-shows-thumb-up-sign-gestures.jpg</filename>
	<path>D:\Software Project\Thumbs_UP\images\134451759-business-man-shows-thumb-up-sign-gestures.jpg</path>
	<source>
		<database>Unknown</database>
	</source>
	<size>
		<width>450</width>
		<height>299</height>
		<depth>3</depth>
	</size>
	<segmented>0</segmented>
	<object>
		<name>thumb</name>
		<pose>Unspecified</pose>
		<truncated>0</truncated>
		<difficult>0</difficult>
		<bndbox>
			<xmin>149</xmin>
			<ymin>90</ymin>
			<xmax>224</xmax>
			<ymax>248</ymax>
		</bndbox>
	</object>
</annotation>
