<annotation>
	<folder>images</folder>
	<filename>216197717-woman-showing-thumbs-up-on-gray-background.jpg</filename>
	<path>D:\Software Project\Thumbs_UP\images\216197717-woman-showing-thumbs-up-on-gray-background.jpg</path>
	<source>
		<database>Unknown</database>
	</source>
	<size>
		<width>450</width>
		<height>300</height>
		<depth>3</depth>
	</size>
	<segmented>0</segmented>
	<object>
		<name>thumb</name>
		<pose>Unspecified</pose>
		<truncated>0</truncated>
		<difficult>0</difficult>
		<bndbox>
			<xmin>183</xmin>
			<ymin>92</ymin>
			<xmax>264</xmax>
			<ymax>265</ymax>
		</bndbox>
	</object>
</annotation>
