<annotation>
	<folder>images</folder>
	<filename>360_F_326990208_MxVXbxjIcq69N6n8NMHR4TpWRzx6rQr4.jpg</filename>
	<path>D:\Software Project\Thumbs_UP\images\360_F_326990208_MxVXbxjIcq69N6n8NMHR4TpWRzx6rQr4.jpg</path>
	<source>
		<database>Unknown</database>
	</source>
	<size>
		<width>540</width>
		<height>360</height>
		<depth>3</depth>
	</size>
	<segmented>0</segmented>
	<object>
		<name>thumb</name>
		<pose>Unspecified</pose>
		<truncated>0</truncated>
		<difficult>0</difficult>
		<bndbox>
			<xmin>177</xmin>
			<ymin>111</ymin>
			<xmax>231</xmax>
			<ymax>224</ymax>
		</bndbox>
	</object>
</annotation>
