<annotation>
	<folder>images</folder>
	<filename>360_F_325377299_422NlJYejGpAOjQBKLFybwxRex3uwsBq.jpg</filename>
	<path>D:\Software Project\Thumbs_UP\images\360_F_325377299_422NlJYejGpAOjQBKLFybwxRex3uwsBq.jpg</path>
	<source>
		<database>Unknown</database>
	</source>
	<size>
		<width>540</width>
		<height>360</height>
		<depth>3</depth>
	</size>
	<segmented>0</segmented>
	<object>
		<name>thumb</name>
		<pose>Unspecified</pose>
		<truncated>0</truncated>
		<difficult>0</difficult>
		<bndbox>
			<xmin>279</xmin>
			<ymin>160</ymin>
			<xmax>317</xmax>
			<ymax>214</ymax>
		</bndbox>
	</object>
</annotation>
