<annotation>
	<folder>images</folder>
	<filename>360_F_215077743_RDJ1HEUL12rDIUSq0jMSSt5Hv8dbWTUo.jpg</filename>
	<path>D:\Software Project\Thumbs_UP\images\360_F_215077743_RDJ1HEUL12rDIUSq0jMSSt5Hv8dbWTUo.jpg</path>
	<source>
		<database>Unknown</database>
	</source>
	<size>
		<width>538</width>
		<height>360</height>
		<depth>3</depth>
	</size>
	<segmented>0</segmented>
	<object>
		<name>thumb</name>
		<pose>Unspecified</pose>
		<truncated>0</truncated>
		<difficult>0</difficult>
		<bndbox>
			<xmin>236</xmin>
			<ymin>112</ymin>
			<xmax>263</xmax>
			<ymax>157</ymax>
		</bndbox>
	</object>
</annotation>
