<annotation>
	<folder>images</folder>
	<filename>360_F_299057773_xMegwyOrmByte5A60HoyxuAtX5gyySBl.jpg</filename>
	<path>D:\Software Project\Thumbs_UP\images\360_F_299057773_xMegwyOrmByte5A60HoyxuAtX5gyySBl.jpg</path>
	<source>
		<database>Unknown</database>
	</source>
	<size>
		<width>540</width>
		<height>360</height>
		<depth>3</depth>
	</size>
	<segmented>0</segmented>
	<object>
		<name>thumb</name>
		<pose>Unspecified</pose>
		<truncated>0</truncated>
		<difficult>0</difficult>
		<bndbox>
			<xmin>155</xmin>
			<ymin>155</ymin>
			<xmax>184</xmax>
			<ymax>217</ymax>
		</bndbox>
	</object>
	<object>
		<name>thumb</name>
		<pose>Unspecified</pose>
		<truncated>0</truncated>
		<difficult>0</difficult>
		<bndbox>
			<xmin>328</xmin>
			<ymin>138</ymin>
			<xmax>363</xmax>
			<ymax>219</ymax>
		</bndbox>
	</object>
</annotation>
