<annotation>
	<folder>images</folder>
	<filename>360_F_417017663_3rvcT85SShOtzpr2HvsWlvppBxQmNtUH.jpg</filename>
	<path>D:\Software Project\Thumbs_UP\images\360_F_417017663_3rvcT85SShOtzpr2HvsWlvppBxQmNtUH.jpg</path>
	<source>
		<database>Unknown</database>
	</source>
	<size>
		<width>562</width>
		<height>360</height>
		<depth>3</depth>
	</size>
	<segmented>0</segmented>
	<object>
		<name>thumb</name>
		<pose>Unspecified</pose>
		<truncated>0</truncated>
		<difficult>0</difficult>
		<bndbox>
			<xmin>134</xmin>
			<ymin>171</ymin>
			<xmax>191</xmax>
			<ymax>266</ymax>
		</bndbox>
	</object>
</annotation>
