<annotation>
	<folder>images</folder>
	<filename>360_F_255688286_YHFyAnBmKDb9SHFIKtdT67XfIpI9rqYF.jpg</filename>
	<path>D:\Software Project\Thumbs_UP\images\360_F_255688286_YHFyAnBmKDb9SHFIKtdT67XfIpI9rqYF.jpg</path>
	<source>
		<database>Unknown</database>
	</source>
	<size>
		<width>876</width>
		<height>360</height>
		<depth>3</depth>
	</size>
	<segmented>0</segmented>
	<object>
		<name>thumb</name>
		<pose>Unspecified</pose>
		<truncated>0</truncated>
		<difficult>0</difficult>
		<bndbox>
			<xmin>673</xmin>
			<ymin>183</ymin>
			<xmax>731</xmax>
			<ymax>299</ymax>
		</bndbox>
	</object>
</annotation>
