<annotation>
	<folder>images</folder>
	<filename>360_F_774252207_z34nwjhDyWULTpyGM8T0QOtdkxPlvnZR.jpg</filename>
	<path>D:\Software Project\Thumbs_UP\images\360_F_774252207_z34nwjhDyWULTpyGM8T0QOtdkxPlvnZR.jpg</path>
	<source>
		<database>Unknown</database>
	</source>
	<size>
		<width>540</width>
		<height>360</height>
		<depth>3</depth>
	</size>
	<segmented>0</segmented>
	<object>
		<name>thumb</name>
		<pose>Unspecified</pose>
		<truncated>0</truncated>
		<difficult>0</difficult>
		<bndbox>
			<xmin>128</xmin>
			<ymin>11</ymin>
			<xmax>225</xmax>
			<ymax>212</ymax>
		</bndbox>
	</object>
</annotation>
