<annotation>
	<folder>images</folder>
	<filename>360_F_102067027_5Qvkx0MEFrZHzTZiGPYfWAHCdsRuo5qk.jpg</filename>
	<path>D:\Software Project\Thumbs_UP\images\360_F_102067027_5Qvkx0MEFrZHzTZiGPYfWAHCdsRuo5qk.jpg</path>
	<source>
		<database>Unknown</database>
	</source>
	<size>
		<width>424</width>
		<height>360</height>
		<depth>3</depth>
	</size>
	<segmented>0</segmented>
	<object>
		<name>thumb</name>
		<pose>Unspecified</pose>
		<truncated>0</truncated>
		<difficult>0</difficult>
		<bndbox>
			<xmin>287</xmin>
			<ymin>136</ymin>
			<xmax>329</xmax>
			<ymax>222</ymax>
		</bndbox>
	</object>
</annotation>
