<annotation>
	<folder>images</folder>
	<filename>360_F_495481232_AdnT7iXu5Q1HIrcgmRjrBwrqE32i1rgu.jpg</filename>
	<path>D:\Software Project\Thumbs_UP\images\360_F_495481232_AdnT7iXu5Q1HIrcgmRjrBwrqE32i1rgu.jpg</path>
	<source>
		<database>Unknown</database>
	</source>
	<size>
		<width>563</width>
		<height>360</height>
		<depth>3</depth>
	</size>
	<segmented>0</segmented>
	<object>
		<name>thumb</name>
		<pose>Unspecified</pose>
		<truncated>0</truncated>
		<difficult>0</difficult>
		<bndbox>
			<xmin>90</xmin>
			<ymin>96</ymin>
			<xmax>160</xmax>
			<ymax>244</ymax>
		</bndbox>
	</object>
	<object>
		<name>thumb</name>
		<pose>Unspecified</pose>
		<truncated>0</truncated>
		<difficult>0</difficult>
		<bndbox>
			<xmin>282</xmin>
			<ymin>107</ymin>
			<xmax>355</xmax>
			<ymax>246</ymax>
		</bndbox>
	</object>
</annotation>
