<annotation>
	<folder>images</folder>
	<filename>360_F_335872437_n1HuEWaArqWvGkuJlLr52Ri7dlmWOml2.jpg</filename>
	<path>D:\Software Project\Thumbs_UP\images\360_F_335872437_n1HuEWaArqWvGkuJlLr52Ri7dlmWOml2.jpg</path>
	<source>
		<database>Unknown</database>
	</source>
	<size>
		<width>540</width>
		<height>360</height>
		<depth>3</depth>
	</size>
	<segmented>0</segmented>
	<object>
		<name>thumb</name>
		<pose>Unspecified</pose>
		<truncated>0</truncated>
		<difficult>0</difficult>
		<bndbox>
			<xmin>68</xmin>
			<ymin>29</ymin>
			<xmax>145</xmax>
			<ymax>231</ymax>
		</bndbox>
	</object>
	<object>
		<name>thumb</name>
		<pose>Unspecified</pose>
		<truncated>0</truncated>
		<difficult>0</difficult>
		<bndbox>
			<xmin>147</xmin>
			<ymin>34</ymin>
			<xmax>230</xmax>
			<ymax>241</ymax>
		</bndbox>
	</object>
	<object>
		<name>thumb</name>
		<pose>Unspecified</pose>
		<truncated>0</truncated>
		<difficult>0</difficult>
		<bndbox>
			<xmin>235</xmin>
			<ymin>45</ymin>
			<xmax>305</xmax>
			<ymax>217</ymax>
		</bndbox>
	</object>
	<object>
		<name>thumb</name>
		<pose>Unspecified</pose>
		<truncated>0</truncated>
		<difficult>0</difficult>
		<bndbox>
			<xmin>301</xmin>
			<ymin>57</ymin>
			<xmax>380</xmax>
			<ymax>252</ymax>
		</bndbox>
	</object>
	<object>
		<name>thumb</name>
		<pose>Unspecified</pose>
		<truncated>0</truncated>
		<difficult>0</difficult>
		<bndbox>
			<xmin>384</xmin>
			<ymin>42</ymin>
			<xmax>470</xmax>
			<ymax>227</ymax>
		</bndbox>
	</object>
</annotation>
