<annotation>
	<folder>images</folder>
	<filename>360_F_335615413_hzaFRCHkUE7MWNn5tz7mgIlW2B0FGIan.jpg</filename>
	<path>D:\Software Project\Thumbs_UP\images\360_F_335615413_hzaFRCHkUE7MWNn5tz7mgIlW2B0FGIan.jpg</path>
	<source>
		<database>Unknown</database>
	</source>
	<size>
		<width>540</width>
		<height>360</height>
		<depth>3</depth>
	</size>
	<segmented>0</segmented>
	<object>
		<name>thumb</name>
		<pose>Unspecified</pose>
		<truncated>0</truncated>
		<difficult>0</difficult>
		<bndbox>
			<xmin>194</xmin>
			<ymin>116</ymin>
			<xmax>238</xmax>
			<ymax>216</ymax>
		</bndbox>
	</object>
</annotation>
