<annotation>
	<folder>images</folder>
	<filename>360_F_747266786_62yRVx1L142HhYdHgi8yHf8J8riM4O8n.jpg</filename>
	<path>D:\Software Project\Thumbs_UP\images\360_F_747266786_62yRVx1L142HhYdHgi8yHf8J8riM4O8n.jpg</path>
	<source>
		<database>Unknown</database>
	</source>
	<size>
		<width>720</width>
		<height>360</height>
		<depth>3</depth>
	</size>
	<segmented>0</segmented>
	<object>
		<name>thumb</name>
		<pose>Unspecified</pose>
		<truncated>0</truncated>
		<difficult>0</difficult>
		<bndbox>
			<xmin>378</xmin>
			<ymin>89</ymin>
			<xmax>412</xmax>
			<ymax>153</ymax>
		</bndbox>
	</object>
	<object>
		<name>thumb</name>
		<pose>Unspecified</pose>
		<truncated>0</truncated>
		<difficult>0</difficult>
		<bndbox>
			<xmin>436</xmin>
			<ymin>202</ymin>
			<xmax>463</xmax>
			<ymax>266</ymax>
		</bndbox>
	</object>
</annotation>
