<annotation>
	<folder>images</folder>
	<filename>37948863-group-of-happy-young-people-showing-thumbs-up-isolated-on-white-background.jpg</filename>
	<path>D:\Software Project\Thumbs_UP\images\37948863-group-of-happy-young-people-showing-thumbs-up-isolated-on-white-background.jpg</path>
	<source>
		<database>Unknown</database>
	</source>
	<size>
		<width>1300</width>
		<height>866</height>
		<depth>3</depth>
	</size>
	<segmented>0</segmented>
	<object>
		<name>thumb</name>
		<pose>Unspecified</pose>
		<truncated>0</truncated>
		<difficult>0</difficult>
		<bndbox>
			<xmin>376</xmin>
			<ymin>470</ymin>
			<xmax>477</xmax>
			<ymax>671</ymax>
		</bndbox>
	</object>
	<object>
		<name>thumb</name>
		<pose>Unspecified</pose>
		<truncated>0</truncated>
		<difficult>0</difficult>
		<bndbox>
			<xmin>574</xmin>
			<ymin>474</ymin>
			<xmax>655</xmax>
			<ymax>661</ymax>
		</bndbox>
	</object>
	<object>
		<name>thumb</name>
		<pose>Unspecified</pose>
		<truncated>0</truncated>
		<difficult>0</difficult>
		<bndbox>
			<xmin>755</xmin>
			<ymin>424</ymin>
			<xmax>833</xmax>
			<ymax>590</ymax>
		</bndbox>
	</object>
	<object>
		<name>thumb</name>
		<pose>Unspecified</pose>
		<truncated>0</truncated>
		<difficult>0</difficult>
		<bndbox>
			<xmin>1053</xmin>
			<ymin>394</ymin>
			<xmax>1155</xmax>
			<ymax>571</ymax>
		</bndbox>
	</object>
</annotation>
