<annotation>
	<folder>images</folder>
	<filename>6116-07084643en_Masterfile.jpg</filename>
	<path>D:\Software Project\Thumbs_UP\images\6116-07084643en_Masterfile.jpg</path>
	<source>
		<database>Unknown</database>
	</source>
	<size>
		<width>450</width>
		<height>355</height>
		<depth>3</depth>
	</size>
	<segmented>0</segmented>
	<object>
		<name>thumb</name>
		<pose>Unspecified</pose>
		<truncated>0</truncated>
		<difficult>0</difficult>
		<bndbox>
			<xmin>16</xmin>
			<ymin>67</ymin>
			<xmax>148</xmax>
			<ymax>316</ymax>
		</bndbox>
	</object>
	<object>
		<name>thumb</name>
		<pose>Unspecified</pose>
		<truncated>0</truncated>
		<difficult>0</difficult>
		<bndbox>
			<xmin>326</xmin>
			<ymin>101</ymin>
			<xmax>438</xmax>
			<ymax>348</ymax>
		</bndbox>
	</object>
</annotation>
