<annotation>
	<folder>images</folder>
	<filename>848f4f624b294aefa0d9.jpg</filename>
	<path>D:\Software Project\Thumbs_UP\images\848f4f624b294aefa0d9.jpg</path>
	<source>
		<database>Unknown</database>
	</source>
	<size>
		<width>626</width>
		<height>417</height>
		<depth>3</depth>
	</size>
	<segmented>0</segmented>
	<object>
		<name>thumb</name>
		<pose>Unspecified</pose>
		<truncated>0</truncated>
		<difficult>0</difficult>
		<bndbox>
			<xmin>376</xmin>
			<ymin>199</ymin>
			<xmax>420</xmax>
			<ymax>274</ymax>
		</bndbox>
	</object>
</annotation>
