<annotation>
	<folder>images</folder>
	<filename>917f1adf2dda3d6f7b8e74d3b0765847.jpg</filename>
	<path>D:\Software Project\Thumbs_UP\images\917f1adf2dda3d6f7b8e74d3b0765847.jpg</path>
	<source>
		<database>Unknown</database>
	</source>
	<size>
		<width>626</width>
		<height>417</height>
		<depth>3</depth>
	</size>
	<segmented>0</segmented>
	<object>
		<name>thumb</name>
		<pose>Unspecified</pose>
		<truncated>0</truncated>
		<difficult>0</difficult>
		<bndbox>
			<xmin>201</xmin>
			<ymin>186</ymin>
			<xmax>255</xmax>
			<ymax>309</ymax>
		</bndbox>
	</object>
	<object>
		<name>thumb</name>
		<pose>Unspecified</pose>
		<truncated>0</truncated>
		<difficult>0</difficult>
		<bndbox>
			<xmin>397</xmin>
			<ymin>176</ymin>
			<xmax>454</xmax>
			<ymax>297</ymax>
		</bndbox>
	</object>
</annotation>
