<annotation>
	<folder>images</folder>
	<filename>b73aad5860c6933bb3e48fcb05ee4eb6.jpg</filename>
	<path>D:\Software Project\Thumbs_UP\images\b73aad5860c6933bb3e48fcb05ee4eb6.jpg</path>
	<source>
		<database>Unknown</database>
	</source>
	<size>
		<width>735</width>
		<height>489</height>
		<depth>3</depth>
	</size>
	<segmented>0</segmented>
	<object>
		<name>thumb</name>
		<pose>Unspecified</pose>
		<truncated>0</truncated>
		<difficult>0</difficult>
		<bndbox>
			<xmin>240</xmin>
			<ymin>248</ymin>
			<xmax>324</xmax>
			<ymax>441</ymax>
		</bndbox>
	</object>
	<object>
		<name>thumb</name>
		<pose>Unspecified</pose>
		<truncated>0</truncated>
		<difficult>0</difficult>
		<bndbox>
			<xmin>447</xmin>
			<ymin>259</ymin>
			<xmax>549</xmax>
			<ymax>443</ymax>
		</bndbox>
	</object>
</annotation>
