<annotation>
	<folder>images</folder>
	<filename>Business-People-with-thumbs-up-Stock-Photo.jpg</filename>
	<path>D:\Software Project\Thumbs_UP\images\Business-People-with-thumbs-up-Stock-Photo.jpg</path>
	<source>
		<database>Unknown</database>
	</source>
	<size>
		<width>500</width>
		<height>333</height>
		<depth>3</depth>
	</size>
	<segmented>0</segmented>
	<object>
		<name>thumb</name>
		<pose>Unspecified</pose>
		<truncated>0</truncated>
		<difficult>0</difficult>
		<bndbox>
			<xmin>131</xmin>
			<ymin>179</ymin>
			<xmax>159</xmax>
			<ymax>234</ymax>
		</bndbox>
	</object>
	<object>
		<name>thumb</name>
		<pose>Unspecified</pose>
		<truncated>0</truncated>
		<difficult>0</difficult>
		<bndbox>
			<xmin>195</xmin>
			<ymin>153</ymin>
			<xmax>219</xmax>
			<ymax>208</ymax>
		</bndbox>
	</object>
	<object>
		<name>thumb</name>
		<pose>Unspecified</pose>
		<truncated>0</truncated>
		<difficult>0</difficult>
		<bndbox>
			<xmin>231</xmin>
			<ymin>158</ymin>
			<xmax>253</xmax>
			<ymax>200</ymax>
		</bndbox>
	</object>
	<object>
		<name>thumb</name>
		<pose>Unspecified</pose>
		<truncated>0</truncated>
		<difficult>0</difficult>
		<bndbox>
			<xmin>285</xmin>
			<ymin>159</ymin>
			<xmax>307</xmax>
			<ymax>201</ymax>
		</bndbox>
	</object>
	<object>
		<name>thumb</name>
		<pose>Unspecified</pose>
		<truncated>0</truncated>
		<difficult>0</difficult>
		<bndbox>
			<xmin>331</xmin>
			<ymin>139</ymin>
			<xmax>362</xmax>
			<ymax>192</ymax>
		</bndbox>
	</object>
</annotation>
