<annotation>
	<folder>images</folder>
	<filename>depositphotos_63954031-stock-photo-woman-showing-thumbs-up-gesture.jpg</filename>
	<path>D:\Software Project\Thumbs_UP\images\depositphotos_63954031-stock-photo-woman-showing-thumbs-up-gesture.jpg</path>
	<source>
		<database>Unknown</database>
	</source>
	<size>
		<width>1024</width>
		<height>1024</height>
		<depth>3</depth>
	</size>
	<segmented>0</segmented>
	<object>
		<name>thumb</name>
		<pose>Unspecified</pose>
		<truncated>0</truncated>
		<difficult>0</difficult>
		<bndbox>
			<xmin>493</xmin>
			<ymin>466</ymin>
			<xmax>642</xmax>
			<ymax>748</ymax>
		</bndbox>
	</object>
</annotation>
