<annotation>
	<folder>images</folder>
	<filename>GettyImages-1229893385-660e28619bce4b86b26897be614e36ff.jpg</filename>
	<path>D:\Software Project\Thumbs_UP\images\GettyImages-1229893385-660e28619bce4b86b26897be614e36ff.jpg</path>
	<source>
		<database>Unknown</database>
	</source>
	<size>
		<width>1500</width>
		<height>1025</height>
		<depth>3</depth>
	</size>
	<segmented>0</segmented>
	<object>
		<name>thumb</name>
		<pose>Unspecified</pose>
		<truncated>0</truncated>
		<difficult>0</difficult>
		<bndbox>
			<xmin>134</xmin>
			<ymin>666</ymin>
			<xmax>387</xmax>
			<ymax>809</ymax>
		</bndbox>
	</object>
	<object>
		<name>thumb</name>
		<pose>Unspecified</pose>
		<truncated>0</truncated>
		<difficult>0</difficult>
		<bndbox>
			<xmin>1253</xmin>
			<ymin>523</ymin>
			<xmax>1464</xmax>
			<ymax>674</ymax>
		</bndbox>
	</object>
</annotation>
