<annotation>
	<folder>images</folder>
	<filename>harold-thumbs-up-meme-04ebd7780a3cc45afde437dba36fdac1.jpg</filename>
	<path>D:\Software Project\Thumbs_UP\images\harold-thumbs-up-meme-04ebd7780a3cc45afde437dba36fdac1.jpg</path>
	<source>
		<database>Unknown</database>
	</source>
	<size>
		<width>600</width>
		<height>835</height>
		<depth>3</depth>
	</size>
	<segmented>0</segmented>
	<object>
		<name>thumb</name>
		<pose>Unspecified</pose>
		<truncated>0</truncated>
		<difficult>0</difficult>
		<bndbox>
			<xmin>150</xmin>
			<ymin>416</ymin>
			<xmax>281</xmax>
			<ymax>648</ymax>
		</bndbox>
	</object>
</annotation>
