<annotation>
	<folder>images</folder>
	<filename>Healthy-and-Happy.jpg</filename>
	<path>D:\Software Project\Thumbs_UP\images\Healthy-and-Happy.jpg</path>
	<source>
		<database>Unknown</database>
	</source>
	<size>
		<width>1000</width>
		<height>667</height>
		<depth>3</depth>
	</size>
	<segmented>0</segmented>
	<object>
		<name>thumb</name>
		<pose>Unspecified</pose>
		<truncated>0</truncated>
		<difficult>0</difficult>
		<bndbox>
			<xmin>296</xmin>
			<ymin>242</ymin>
			<xmax>436</xmax>
			<ymax>525</ymax>
		</bndbox>
	</object>
</annotation>
