<annotation>
	<folder>images</folder>
	<filename>istockphoto-1166740465-612x612.jpg</filename>
	<path>D:\Software Project\Thumbs_UP\images\istockphoto-1166740465-612x612.jpg</path>
	<source>
		<database>Unknown</database>
	</source>
	<size>
		<width>612</width>
		<height>408</height>
		<depth>3</depth>
	</size>
	<segmented>0</segmented>
	<object>
		<name>thumb</name>
		<pose>Unspecified</pose>
		<truncated>0</truncated>
		<difficult>0</difficult>
		<bndbox>
			<xmin>288</xmin>
			<ymin>184</ymin>
			<xmax>323</xmax>
			<ymax>252</ymax>
		</bndbox>
	</object>
	<object>
		<name>thumb</name>
		<pose>Unspecified</pose>
		<truncated>0</truncated>
		<difficult>0</difficult>
		<bndbox>
			<xmin>350</xmin>
			<ymin>190</ymin>
			<xmax>382</xmax>
			<ymax>260</ymax>
		</bndbox>
	</object>
</annotation>
