<annotation>
	<folder>images</folder>
	<filename>istockphoto-1344874415-170667a.jpg</filename>
	<path>D:\Software Project\Thumbs_UP\images\istockphoto-1344874415-170667a.jpg</path>
	<source>
		<database>Unknown</database>
	</source>
	<size>
		<width>509</width>
		<height>339</height>
		<depth>3</depth>
	</size>
	<segmented>0</segmented>
	<object>
		<name>thumb</name>
		<pose>Unspecified</pose>
		<truncated>0</truncated>
		<difficult>0</difficult>
		<bndbox>
			<xmin>211</xmin>
			<ymin>157</ymin>
			<xmax>251</xmax>
			<ymax>243</ymax>
		</bndbox>
	</object>
</annotation>
