<annotation>
	<folder>images</folder>
	<filename>istockphoto-1346472987-612x612.jpg</filename>
	<path>D:\Software Project\Thumbs_UP\images\istockphoto-1346472987-612x612.jpg</path>
	<source>
		<database>Unknown</database>
	</source>
	<size>
		<width>612</width>
		<height>408</height>
		<depth>3</depth>
	</size>
	<segmented>0</segmented>
	<object>
		<name>thumb</name>
		<pose>Unspecified</pose>
		<truncated>0</truncated>
		<difficult>0</difficult>
		<bndbox>
			<xmin>185</xmin>
			<ymin>204</ymin>
			<xmax>256</xmax>
			<ymax>312</ymax>
		</bndbox>
	</object>
</annotation>
