<annotation>
	<folder>images</folder>
	<filename>nice-young-women-smile-give-thumbs-up_152404-2666.jpg</filename>
	<path>D:\Software Project\Thumbs_UP\images\nice-young-women-smile-give-thumbs-up_152404-2666.jpg</path>
	<source>
		<database>Unknown</database>
	</source>
	<size>
		<width>626</width>
		<height>405</height>
		<depth>3</depth>
	</size>
	<segmented>0</segmented>
	<object>
		<name>thumb</name>
		<pose>Unspecified</pose>
		<truncated>0</truncated>
		<difficult>0</difficult>
		<bndbox>
			<xmin>95</xmin>
			<ymin>126</ymin>
			<xmax>168</xmax>
			<ymax>286</ymax>
		</bndbox>
	</object>
	<object>
		<name>thumb</name>
		<pose>Unspecified</pose>
		<truncated>0</truncated>
		<difficult>0</difficult>
		<bndbox>
			<xmin>253</xmin>
			<ymin>164</ymin>
			<xmax>325</xmax>
			<ymax>318</ymax>
		</bndbox>
	</object>
</annotation>
