<annotation>
	<folder>images</folder>
	<filename>OIP (1).jpg</filename>
	<path>D:\Software Project\Thumbs_UP\images\OIP (1).jpg</path>
	<source>
		<database>Unknown</database>
	</source>
	<size>
		<width>474</width>
		<height>315</height>
		<depth>3</depth>
	</size>
	<segmented>0</segmented>
	<object>
		<name>thumb</name>
		<pose>Unspecified</pose>
		<truncated>0</truncated>
		<difficult>0</difficult>
		<bndbox>
			<xmin>110</xmin>
			<ymin>145</ymin>
			<xmax>212</xmax>
			<ymax>280</ymax>
		</bndbox>
	</object>
</annotation>
