<annotation>
	<folder>images</folder>
	<filename>OIP (2).jpg</filename>
	<path>D:\Software Project\Thumbs_UP\images\OIP (2).jpg</path>
	<source>
		<database>Unknown</database>
	</source>
	<size>
		<width>667</width>
		<height>1000</height>
		<depth>3</depth>
	</size>
	<segmented>0</segmented>
	<object>
		<name>thumb</name>
		<pose>Unspecified</pose>
		<truncated>0</truncated>
		<difficult>0</difficult>
		<bndbox>
			<xmin>183</xmin>
			<ymin>500</ymin>
			<xmax>405</xmax>
			<ymax>938</ymax>
		</bndbox>
	</object>
</annotation>
