<annotation>
	<folder>images</folder>
	<filename>OIP.jpg</filename>
	<path>D:\Software Project\Thumbs_UP\images\OIP.jpg</path>
	<source>
		<database>Unknown</database>
	</source>
	<size>
		<width>474</width>
		<height>315</height>
		<depth>3</depth>
	</size>
	<segmented>0</segmented>
	<object>
		<name>thumb</name>
		<pose>Unspecified</pose>
		<truncated>0</truncated>
		<difficult>0</difficult>
		<bndbox>
			<xmin>155</xmin>
			<ymin>107</ymin>
			<xmax>227</xmax>
			<ymax>234</ymax>
		</bndbox>
	</object>
	<object>
		<name>thumb</name>
		<pose>Unspecified</pose>
		<truncated>0</truncated>
		<difficult>0</difficult>
		<bndbox>
			<xmin>305</xmin>
			<ymin>118</ymin>
			<xmax>379</xmax>
			<ymax>240</ymax>
		</bndbox>
	</object>
</annotation>
