<annotation>
	<folder>images</folder>
	<filename>person-thumbs-up-smiling-success-preview.jpg</filename>
	<path>D:\Software Project\Thumbs_UP\images\person-thumbs-up-smiling-success-preview.jpg</path>
	<source>
		<database>Unknown</database>
	</source>
	<size>
		<width>728</width>
		<height>486</height>
		<depth>3</depth>
	</size>
	<segmented>0</segmented>
	<object>
		<name>thumb</name>
		<pose>Unspecified</pose>
		<truncated>0</truncated>
		<difficult>0</difficult>
		<bndbox>
			<xmin>208</xmin>
			<ymin>291</ymin>
			<xmax>262</xmax>
			<ymax>392</ymax>
		</bndbox>
	</object>
	<object>
		<name>thumb</name>
		<pose>Unspecified</pose>
		<truncated>0</truncated>
		<difficult>0</difficult>
		<bndbox>
			<xmin>430</xmin>
			<ymin>308</ymin>
			<xmax>488</xmax>
			<ymax>407</ymax>
		</bndbox>
	</object>
</annotation>
