<annotation>
	<folder>images</folder>
	<filename>R (1).jpg</filename>
	<path>D:\Software Project\Thumbs_UP\images\R (1).jpg</path>
	<source>
		<database>Unknown</database>
	</source>
	<size>
		<width>266</width>
		<height>400</height>
		<depth>3</depth>
	</size>
	<segmented>0</segmented>
	<object>
		<name>thumb</name>
		<pose>Unspecified</pose>
		<truncated>0</truncated>
		<difficult>0</difficult>
		<bndbox>
			<xmin>96</xmin>
			<ymin>174</ymin>
			<xmax>155</xmax>
			<ymax>290</ymax>
		</bndbox>
	</object>
</annotation>
