<annotation>
	<folder>images</folder>
	<filename>R (2).jpg</filename>
	<path>D:\Software Project\Thumbs_UP\images\R (2).jpg</path>
	<source>
		<database>Unknown</database>
	</source>
	<size>
		<width>468</width>
		<height>367</height>
		<depth>3</depth>
	</size>
	<segmented>0</segmented>
	<object>
		<name>thumb</name>
		<pose>Unspecified</pose>
		<truncated>0</truncated>
		<difficult>0</difficult>
		<bndbox>
			<xmin>46</xmin>
			<ymin>114</ymin>
			<xmax>95</xmax>
			<ymax>208</ymax>
		</bndbox>
	</object>
	<object>
		<name>thumb</name>
		<pose>Unspecified</pose>
		<truncated>0</truncated>
		<difficult>0</difficult>
		<bndbox>
			<xmin>149</xmin>
			<ymin>137</ymin>
			<xmax>201</xmax>
			<ymax>246</ymax>
		</bndbox>
	</object>
</annotation>
