<annotation>
	<folder>images</folder>
	<filename>R.jpg</filename>
	<path>D:\Software Project\Thumbs_UP\images\R.jpg</path>
	<source>
		<database>Unknown</database>
	</source>
	<size>
		<width>612</width>
		<height>612</height>
		<depth>3</depth>
	</size>
	<segmented>0</segmented>
	<object>
		<name>thumb</name>
		<pose>Unspecified</pose>
		<truncated>0</truncated>
		<difficult>0</difficult>
		<bndbox>
			<xmin>58</xmin>
			<ymin>266</ymin>
			<xmax>187</xmax>
			<ymax>483</ymax>
		</bndbox>
	</object>
	<object>
		<name>thumb</name>
		<pose>Unspecified</pose>
		<truncated>0</truncated>
		<difficult>0</difficult>
		<bndbox>
			<xmin>440</xmin>
			<ymin>228</ymin>
			<xmax>551</xmax>
			<ymax>476</ymax>
		</bndbox>
	</object>
</annotation>
