<annotation>
	<folder>images</folder>
	<filename>stock-photo-happy-businessman-showing-thumbs-while-looking-camera-blue-background.jpg</filename>
	<path>D:\Software Project\Thumbs_UP\images\stock-photo-happy-businessman-showing-thumbs-while-looking-camera-blue-background.jpg</path>
	<source>
		<database>Unknown</database>
	</source>
	<size>
		<width>1024</width>
		<height>683</height>
		<depth>3</depth>
	</size>
	<segmented>0</segmented>
	<object>
		<name>thumb</name>
		<pose>Unspecified</pose>
		<truncated>0</truncated>
		<difficult>0</difficult>
		<bndbox>
			<xmin>314</xmin>
			<ymin>399</ymin>
			<xmax>386</xmax>
			<ymax>535</ymax>
		</bndbox>
	</object>
	<object>
		<name>thumb</name>
		<pose>Unspecified</pose>
		<truncated>0</truncated>
		<difficult>0</difficult>
		<bndbox>
			<xmin>653</xmin>
			<ymin>403</ymin>
			<xmax>728</xmax>
			<ymax>550</ymax>
		</bndbox>
	</object>
</annotation>
