<annotation>
	<folder>images</folder>
	<filename>stock-photo-close-group-business-people-showing-thumbs-satisfied-work-isolated-white.jpg</filename>
	<path>D:\Software Project\Thumbs_UP\images\stock-photo-close-group-business-people-showing-thumbs-satisfied-work-isolated-white.jpg</path>
	<source>
		<database>Unknown</database>
	</source>
	<size>
		<width>608</width>
		<height>405</height>
		<depth>3</depth>
	</size>
	<segmented>0</segmented>
	<object>
		<name>thumb</name>
		<pose>Unspecified</pose>
		<truncated>0</truncated>
		<difficult>0</difficult>
		<bndbox>
			<xmin>63</xmin>
			<ymin>78</ymin>
			<xmax>126</xmax>
			<ymax>193</ymax>
		</bndbox>
	</object>
	<object>
		<name>thumb</name>
		<pose>Unspecified</pose>
		<truncated>0</truncated>
		<difficult>0</difficult>
		<bndbox>
			<xmin>222</xmin>
			<ymin>93</ymin>
			<xmax>286</xmax>
			<ymax>222</ymax>
		</bndbox>
	</object>
	<object>
		<name>thumb</name>
		<pose>Unspecified</pose>
		<truncated>0</truncated>
		<difficult>0</difficult>
		<bndbox>
			<xmin>327</xmin>
			<ymin>77</ymin>
			<xmax>384</xmax>
			<ymax>192</ymax>
		</bndbox>
	</object>
	<object>
		<name>thumb</name>
		<pose>Unspecified</pose>
		<truncated>0</truncated>
		<difficult>0</difficult>
		<bndbox>
			<xmin>413</xmin>
			<ymin>105</ymin>
			<xmax>476</xmax>
			<ymax>237</ymax>
		</bndbox>
	</object>
</annotation>
