<annotation>
	<folder>images</folder>
	<filename>thumbs-up-768x512.jpg</filename>
	<path>D:\Software Project\Thumbs_UP\images\thumbs-up-768x512.jpg</path>
	<source>
		<database>Unknown</database>
	</source>
	<size>
		<width>768</width>
		<height>512</height>
		<depth>3</depth>
	</size>
	<segmented>0</segmented>
	<object>
		<name>thumb</name>
		<pose>Unspecified</pose>
		<truncated>0</truncated>
		<difficult>0</difficult>
		<bndbox>
			<xmin>242</xmin>
			<ymin>153</ymin>
			<xmax>349</xmax>
			<ymax>360</ymax>
		</bndbox>
	</object>
</annotation>
