<annotation>
	<folder>images</folder>
	<filename>woman-2385785_1280.jpg</filename>
	<path>D:\Software Project\Thumbs_UP\images\woman-2385785_1280.jpg</path>
	<source>
		<database>Unknown</database>
	</source>
	<size>
		<width>1280</width>
		<height>854</height>
		<depth>3</depth>
	</size>
	<segmented>0</segmented>
	<object>
		<name>thumb</name>
		<pose>Unspecified</pose>
		<truncated>0</truncated>
		<difficult>0</difficult>
		<bndbox>
			<xmin>457</xmin>
			<ymin>372</ymin>
			<xmax>557</xmax>
			<ymax>557</ymax>
		</bndbox>
	</object>
</annotation>
