<annotation>
	<folder>images</folder>
	<filename>1000_F_467658210_FuQvGX7Z5XtNfU61TaNspMMXwZMTkIWl.jpg</filename>
	<path>D:\Software Project\victory_sign_data\images\1000_F_467658210_FuQvGX7Z5XtNfU61TaNspMMXwZMTkIWl.jpg</path>
	<source>
		<database>Unknown</database>
	</source>
	<size>
		<width>1000</width>
		<height>667</height>
		<depth>3</depth>
	</size>
	<segmented>0</segmented>
	<object>
		<name>vic</name>
		<pose>Unspecified</pose>
		<truncated>0</truncated>
		<difficult>0</difficult>
		<bndbox>
			<xmin>108</xmin>
			<ymin>160</ymin>
			<xmax>150</xmax>
			<ymax>202</ymax>
		</bndbox>
	</object>
	<object>
		<name>vic</name>
		<pose>Unspecified</pose>
		<truncated>0</truncated>
		<difficult>0</difficult>
		<bndbox>
			<xmin>277</xmin>
			<ymin>159</ymin>
			<xmax>319</xmax>
			<ymax>209</ymax>
		</bndbox>
	</object>
	<object>
		<name>vic</name>
		<pose>Unspecified</pose>
		<truncated>0</truncated>
		<difficult>0</difficult>
		<bndbox>
			<xmin>437</xmin>
			<ymin>169</ymin>
			<xmax>480</xmax>
			<ymax>209</ymax>
		</bndbox>
	</object>
	<object>
		<name>vic</name>
		<pose>Unspecified</pose>
		<truncated>0</truncated>
		<difficult>0</difficult>
		<bndbox>
			<xmin>568</xmin>
			<ymin>104</ymin>
			<xmax>607</xmax>
			<ymax>144</ymax>
		</bndbox>
	</object>
	<object>
		<name>vic</name>
		<pose>Unspecified</pose>
		<truncated>0</truncated>
		<difficult>0</difficult>
		<bndbox>
			<xmin>785</xmin>
			<ymin>119</ymin>
			<xmax>829</xmax>
			<ymax>167</ymax>
		</bndbox>
	</object>
</annotation>
