<annotation>
	<folder>images</folder>
	<filename>1000_F_211694888_eOfIBjiWdckHXVOMq32bGWn6lgkxDfPh.jpg</filename>
	<path>D:\Software Project\victory_sign_data\images\1000_F_211694888_eOfIBjiWdckHXVOMq32bGWn6lgkxDfPh.jpg</path>
	<source>
		<database>Unknown</database>
	</source>
	<size>
		<width>1000</width>
		<height>667</height>
		<depth>3</depth>
	</size>
	<segmented>0</segmented>
	<object>
		<name>vic</name>
		<pose>Unspecified</pose>
		<truncated>0</truncated>
		<difficult>0</difficult>
		<bndbox>
			<xmin>505</xmin>
			<ymin>149</ymin>
			<xmax>593</xmax>
			<ymax>285</ymax>
		</bndbox>
	</object>
	<object>
		<name>vic</name>
		<pose>Unspecified</pose>
		<truncated>0</truncated>
		<difficult>0</difficult>
		<bndbox>
			<xmin>658</xmin>
			<ymin>188</ymin>
			<xmax>718</xmax>
			<ymax>316</ymax>
		</bndbox>
	</object>
	<object>
		<name>vic</name>
		<pose>Unspecified</pose>
		<truncated>0</truncated>
		<difficult>0</difficult>
		<bndbox>
			<xmin>747</xmin>
			<ymin>187</ymin>
			<xmax>827</xmax>
			<ymax>314</ymax>
		</bndbox>
	</object>
</annotation>
