<annotation>
	<folder>images</folder>
	<filename>12c48fcaa2258b6ce3cff9d569b37455.jpg</filename>
	<path>D:\Software Project\victory_sign_data\images\12c48fcaa2258b6ce3cff9d569b37455.jpg</path>
	<source>
		<database>Unknown</database>
	</source>
	<size>
		<width>700</width>
		<height>480</height>
		<depth>3</depth>
	</size>
	<segmented>0</segmented>
	<object>
		<name>vic</name>
		<pose>Unspecified</pose>
		<truncated>0</truncated>
		<difficult>0</difficult>
		<bndbox>
			<xmin>282</xmin>
			<ymin>274</ymin>
			<xmax>411</xmax>
			<ymax>400</ymax>
		</bndbox>
	</object>
	<object>
		<name>vic</name>
		<pose>Unspecified</pose>
		<truncated>0</truncated>
		<difficult>0</difficult>
		<bndbox>
			<xmin>2</xmin>
			<ymin>374</ymin>
			<xmax>101</xmax>
			<ymax>447</ymax>
		</bndbox>
	</object>
</annotation>
