<annotation>
	<folder>images</folder>
	<filename>360_F_542268544_DwmCVC3mXgW7AxYUXPwOUEUNZdXKqiUh.jpg</filename>
	<path>D:\Software Project\victory_sign_data\images\360_F_542268544_DwmCVC3mXgW7AxYUXPwOUEUNZdXKqiUh.jpg</path>
	<source>
		<database>Unknown</database>
	</source>
	<size>
		<width>540</width>
		<height>360</height>
		<depth>3</depth>
	</size>
	<segmented>0</segmented>
	<object>
		<name>vic</name>
		<pose>Unspecified</pose>
		<truncated>0</truncated>
		<difficult>0</difficult>
		<bndbox>
			<xmin>269</xmin>
			<ymin>151</ymin>
			<xmax>296</xmax>
			<ymax>176</ymax>
		</bndbox>
	</object>
	<object>
		<name>vic</name>
		<pose>Unspecified</pose>
		<truncated>0</truncated>
		<difficult>0</difficult>
		<bndbox>
			<xmin>367</xmin>
			<ymin>99</ymin>
			<xmax>393</xmax>
			<ymax>125</ymax>
		</bndbox>
	</object>
</annotation>
