<annotation>
	<folder>images</folder>
	<filename>360_F_765643392_A5f93K6VJcnbYti8IBSuYofShAjRgPMp.jpg</filename>
	<path>D:\Software Project\victory_sign_data\images\360_F_765643392_A5f93K6VJcnbYti8IBSuYofShAjRgPMp.jpg</path>
	<source>
		<database>Unknown</database>
	</source>
	<size>
		<width>540</width>
		<height>360</height>
		<depth>3</depth>
	</size>
	<segmented>0</segmented>
	<object>
		<name>vic</name>
		<pose>Unspecified</pose>
		<truncated>0</truncated>
		<difficult>0</difficult>
		<bndbox>
			<xmin>61</xmin>
			<ymin>122</ymin>
			<xmax>109</xmax>
			<ymax>172</ymax>
		</bndbox>
	</object>
	<object>
		<name>vic</name>
		<pose>Unspecified</pose>
		<truncated>0</truncated>
		<difficult>0</difficult>
		<bndbox>
			<xmin>406</xmin>
			<ymin>114</ymin>
			<xmax>447</xmax>
			<ymax>154</ymax>
		</bndbox>
	</object>
</annotation>
