<annotation>
	<folder>images</folder>
	<filename>51826932-lifestyle-and-people-concept-lovely-woman-showing-victory-or-peace-sign.jpg</filename>
	<path>D:\Software Project\victory_sign_data\images\51826932-lifestyle-and-people-concept-lovely-woman-showing-victory-or-peace-sign.jpg</path>
	<source>
		<database>Unknown</database>
	</source>
	<size>
		<width>1300</width>
		<height>1300</height>
		<depth>3</depth>
	</size>
	<segmented>0</segmented>
	<object>
		<name>vic</name>
		<pose>Unspecified</pose>
		<truncated>0</truncated>
		<difficult>0</difficult>
		<bndbox>
			<xmin>85</xmin>
			<ymin>473</ymin>
			<xmax>257</xmax>
			<ymax>680</ymax>
		</bndbox>
	</object>
</annotation>
