<annotation>
	<folder>images</folder>
	<filename>95667396-happy-young-students-showing-victory-sign.jpg</filename>
	<path>D:\Software Project\victory_sign_data\images\95667396-happy-young-students-showing-victory-sign.jpg</path>
	<source>
		<database>Unknown</database>
	</source>
	<size>
		<width>1300</width>
		<height>866</height>
		<depth>3</depth>
	</size>
	<segmented>0</segmented>
	<object>
		<name>vic</name>
		<pose>Unspecified</pose>
		<truncated>0</truncated>
		<difficult>0</difficult>
		<bndbox>
			<xmin>34</xmin>
			<ymin>206</ymin>
			<xmax>159</xmax>
			<ymax>317</ymax>
		</bndbox>
	</object>
	<object>
		<name>vic</name>
		<pose>Unspecified</pose>
		<truncated>0</truncated>
		<difficult>0</difficult>
		<bndbox>
			<xmin>344</xmin>
			<ymin>381</ymin>
			<xmax>434</xmax>
			<ymax>454</ymax>
		</bndbox>
	</object>
	<object>
		<name>vic</name>
		<pose>Unspecified</pose>
		<truncated>0</truncated>
		<difficult>0</difficult>
		<bndbox>
			<xmin>602</xmin>
			<ymin>419</ymin>
			<xmax>692</xmax>
			<ymax>529</ymax>
		</bndbox>
	</object>
	<object>
		<name>vic</name>
		<pose>Unspecified</pose>
		<truncated>0</truncated>
		<difficult>0</difficult>
		<bndbox>
			<xmin>1115</xmin>
			<ymin>380</ymin>
			<xmax>1214</xmax>
			<ymax>470</ymax>
		</bndbox>
	</object>
</annotation>
