<annotation>
	<folder>images</folder>
	<filename>96609321-happy-people-concept-young-woman-showing-victory-or-peace-sign.jpg</filename>
	<path>D:\Software Project\victory_sign_data\images\96609321-happy-people-concept-young-woman-showing-victory-or-peace-sign.jpg</path>
	<source>
		<database>Unknown</database>
	</source>
	<size>
		<width>1300</width>
		<height>982</height>
		<depth>3</depth>
	</size>
	<segmented>0</segmented>
	<object>
		<name>vic</name>
		<pose>Unspecified</pose>
		<truncated>0</truncated>
		<difficult>0</difficult>
		<bndbox>
			<xmin>215</xmin>
			<ymin>534</ymin>
			<xmax>390</xmax>
			<ymax>694</ymax>
		</bndbox>
	</object>
	<object>
		<name>vic</name>
		<pose>Unspecified</pose>
		<truncated>0</truncated>
		<difficult>0</difficult>
		<bndbox>
			<xmin>954</xmin>
			<ymin>598</ymin>
			<xmax>1139</xmax>
			<ymax>751</ymax>
		</bndbox>
	</object>
</annotation>
