<annotation>
	<folder>images</folder>
	<filename>bf673962050e34de710e3178541230d5.jpg</filename>
	<path>D:\Software Project\victory_sign_data\images\bf673962050e34de710e3178541230d5.jpg</path>
	<source>
		<database>Unknown</database>
	</source>
	<size>
		<width>626</width>
		<height>417</height>
		<depth>3</depth>
	</size>
	<segmented>0</segmented>
	<object>
		<name>vic</name>
		<pose>Unspecified</pose>
		<truncated>0</truncated>
		<difficult>0</difficult>
		<bndbox>
			<xmin>116</xmin>
			<ymin>171</ymin>
			<xmax>178</xmax>
			<ymax>235</ymax>
		</bndbox>
	</object>
	<object>
		<name>vic</name>
		<pose>Unspecified</pose>
		<truncated>0</truncated>
		<difficult>0</difficult>
		<bndbox>
			<xmin>429</xmin>
			<ymin>253</ymin>
			<xmax>490</xmax>
			<ymax>313</ymax>
		</bndbox>
	</object>
</annotation>
