<annotation>
	<folder>images</folder>
	<filename>Churchill_V_sign_HU_55521.jpg</filename>
	<path>D:\Software Project\victory_sign_data\images\Churchill_V_sign_HU_55521.jpg</path>
	<source>
		<database>Unknown</database>
	</source>
	<size>
		<width>616</width>
		<height>800</height>
		<depth>1</depth>
	</size>
	<segmented>0</segmented>
	<object>
		<name>vic</name>
		<pose>Unspecified</pose>
		<truncated>0</truncated>
		<difficult>0</difficult>
		<bndbox>
			<xmin>94</xmin>
			<ymin>12</ymin>
			<xmax>143</xmax>
			<ymax>73</ymax>
		</bndbox>
	</object>
</annotation>
