<annotation>
	<folder>images</folder>
	<filename>depositphotos_169724710-stock-photo-man-showing-victory-sign.jpg</filename>
	<path>D:\Software Project\victory_sign_data\images\depositphotos_169724710-stock-photo-man-showing-victory-sign.jpg</path>
	<source>
		<database>Unknown</database>
	</source>
	<size>
		<width>1600</width>
		<height>1168</height>
		<depth>3</depth>
	</size>
	<segmented>0</segmented>
	<object>
		<name>vic</name>
		<pose>Unspecified</pose>
		<truncated>0</truncated>
		<difficult>0</difficult>
		<bndbox>
			<xmin>912</xmin>
			<ymin>361</ymin>
			<xmax>1110</xmax>
			<ymax>550</ymax>
		</bndbox>
	</object>
</annotation>
