<annotation>
	<folder>images</folder>
	<filename>esy-009103380.jpg</filename>
	<path>D:\Software Project\victory_sign_data\images\esy-009103380.jpg</path>
	<source>
		<database>Unknown</database>
	</source>
	<size>
		<width>1050</width>
		<height>700</height>
		<depth>3</depth>
	</size>
	<segmented>0</segmented>
	<object>
		<name>vic</name>
		<pose>Unspecified</pose>
		<truncated>0</truncated>
		<difficult>0</difficult>
		<bndbox>
			<xmin>58</xmin>
			<ymin>323</ymin>
			<xmax>177</xmax>
			<ymax>454</ymax>
		</bndbox>
	</object>
	<object>
		<name>vic</name>
		<pose>Unspecified</pose>
		<truncated>0</truncated>
		<difficult>0</difficult>
		<bndbox>
			<xmin>257</xmin>
			<ymin>349</ymin>
			<xmax>375</xmax>
			<ymax>466</ymax>
		</bndbox>
	</object>
	<object>
		<name>vic</name>
		<pose>Unspecified</pose>
		<truncated>0</truncated>
		<difficult>0</difficult>
		<bndbox>
			<xmin>557</xmin>
			<ymin>331</ymin>
			<xmax>672</xmax>
			<ymax>455</ymax>
		</bndbox>
	</object>
	<object>
		<name>vic</name>
		<pose>Unspecified</pose>
		<truncated>0</truncated>
		<difficult>0</difficult>
		<bndbox>
			<xmin>755</xmin>
			<ymin>341</ymin>
			<xmax>848</xmax>
			<ymax>469</ymax>
		</bndbox>
	</object>
</annotation>
