<annotation>
	<folder>images</folder>
	<filename>gettyimages-117375751-612x612.jpg</filename>
	<path>D:\Software Project\victory_sign_data\images\gettyimages-117375751-612x612.jpg</path>
	<source>
		<database>Unknown</database>
	</source>
	<size>
		<width>612</width>
		<height>612</height>
		<depth>3</depth>
	</size>
	<segmented>0</segmented>
	<object>
		<name>vic</name>
		<pose>Unspecified</pose>
		<truncated>0</truncated>
		<difficult>0</difficult>
		<bndbox>
			<xmin>218</xmin>
			<ymin>85</ymin>
			<xmax>323</xmax>
			<ymax>221</ymax>
		</bndbox>
	</object>
</annotation>
