<annotation>
	<folder>images</folder>
	<filename>istockphoto-184395916-612x612.jpg</filename>
	<path>D:\Software Project\victory_sign_data\images\istockphoto-184395916-612x612.jpg</path>
	<source>
		<database>Unknown</database>
	</source>
	<size>
		<width>612</width>
		<height>408</height>
		<depth>3</depth>
	</size>
	<segmented>0</segmented>
	<object>
		<name>vic</name>
		<pose>Unspecified</pose>
		<truncated>0</truncated>
		<difficult>0</difficult>
		<bndbox>
			<xmin>233</xmin>
			<ymin>99</ymin>
			<xmax>322</xmax>
			<ymax>185</ymax>
		</bndbox>
	</object>
</annotation>
