<annotation>
	<folder>images</folder>
	<filename>istockphoto-1188216058-612x612.jpg</filename>
	<path>D:\Software Project\victory_sign_data\images\istockphoto-1188216058-612x612.jpg</path>
	<source>
		<database>Unknown</database>
	</source>
	<size>
		<width>612</width>
		<height>408</height>
		<depth>3</depth>
	</size>
	<segmented>0</segmented>
	<object>
		<name>vic</name>
		<pose>Unspecified</pose>
		<truncated>0</truncated>
		<difficult>0</difficult>
		<bndbox>
			<xmin>117</xmin>
			<ymin>140</ymin>
			<xmax>157</xmax>
			<ymax>186</ymax>
		</bndbox>
	</object>
	<object>
		<name>vic</name>
		<pose>Unspecified</pose>
		<truncated>0</truncated>
		<difficult>0</difficult>
		<bndbox>
			<xmin>449</xmin>
			<ymin>135</ymin>
			<xmax>493</xmax>
			<ymax>175</ymax>
		</bndbox>
	</object>
</annotation>
