<annotation>
	<folder>images</folder>
	<filename>istockphoto-1371171906-612x612.jpg</filename>
	<path>D:\Software Project\victory_sign_data\images\istockphoto-1371171906-612x612.jpg</path>
	<source>
		<database>Unknown</database>
	</source>
	<size>
		<width>408</width>
		<height>612</height>
		<depth>3</depth>
	</size>
	<segmented>0</segmented>
	<object>
		<name>vic</name>
		<pose>Unspecified</pose>
		<truncated>0</truncated>
		<difficult>0</difficult>
		<bndbox>
			<xmin>277</xmin>
			<ymin>247</ymin>
			<xmax>345</xmax>
			<ymax>340</ymax>
		</bndbox>
	</object>
</annotation>
