<annotation>
	<folder>images</folder>
	<filename>lifestyle-people-concept-lovely-woman-showing-victory-peace-sign_118342-19642.jpg</filename>
	<path>D:\Software Project\victory_sign_data\images\lifestyle-people-concept-lovely-woman-showing-victory-peace-sign_118342-19642.jpg</path>
	<source>
		<database>Unknown</database>
	</source>
	<size>
		<width>360</width>
		<height>360</height>
		<depth>3</depth>
	</size>
	<segmented>0</segmented>
	<object>
		<name>vic</name>
		<pose>Unspecified</pose>
		<truncated>0</truncated>
		<difficult>0</difficult>
		<bndbox>
			<xmin>27</xmin>
			<ymin>144</ymin>
			<xmax>110</xmax>
			<ymax>216</ymax>
		</bndbox>
	</object>
</annotation>
