<annotation>
	<folder>images</folder>
	<filename>photo_2024-04-10_21-52-56.jpg</filename>
	<path>D:\Software Project\victory_sign_data\images\photo_2024-04-10_21-52-56.jpg</path>
	<source>
		<database>Unknown</database>
	</source>
	<size>
		<width>964</width>
		<height>1280</height>
		<depth>3</depth>
	</size>
	<segmented>0</segmented>
	<object>
		<name>vic</name>
		<pose>Unspecified</pose>
		<truncated>0</truncated>
		<difficult>0</difficult>
		<bndbox>
			<xmin>296</xmin>
			<ymin>794</ymin>
			<xmax>596</xmax>
			<ymax>1020</ymax>
		</bndbox>
	</object>
</annotation>
