<annotation>
	<folder>images</folder>
	<filename>photo_2024-04-10_21-52-32.jpg</filename>
	<path>D:\Software Project\victory_sign_data\images\photo_2024-04-10_21-52-32.jpg</path>
	<source>
		<database>Unknown</database>
	</source>
	<size>
		<width>964</width>
		<height>1280</height>
		<depth>3</depth>
	</size>
	<segmented>0</segmented>
	<object>
		<name>vic</name>
		<pose>Unspecified</pose>
		<truncated>0</truncated>
		<difficult>0</difficult>
		<bndbox>
			<xmin>278</xmin>
			<ymin>685</ymin>
			<xmax>381</xmax>
			<ymax>783</ymax>
		</bndbox>
	</object>
</annotation>
