<annotation>
	<folder>images</folder>
	<filename>photo_2024-04-10_21-52-22.jpg</filename>
	<path>D:\Software Project\victory_sign_data\images\photo_2024-04-10_21-52-22.jpg</path>
	<source>
		<database>Unknown</database>
	</source>
	<size>
		<width>961</width>
		<height>1280</height>
		<depth>3</depth>
	</size>
	<segmented>0</segmented>
	<object>
		<name>vic</name>
		<pose>Unspecified</pose>
		<truncated>0</truncated>
		<difficult>0</difficult>
		<bndbox>
			<xmin>366</xmin>
			<ymin>305</ymin>
			<xmax>714</xmax>
			<ymax>600</ymax>
		</bndbox>
	</object>
</annotation>
