<annotation>
	<folder>images</folder>
	<filename>portrait-of-happy-teenage-girl-showing-victory-sign-UUF001019.jpg</filename>
	<path>D:\Software Project\victory_sign_data\images\portrait-of-happy-teenage-girl-showing-victory-sign-UUF001019.jpg</path>
	<source>
		<database>Unknown</database>
	</source>
	<size>
		<width>372</width>
		<height>248</height>
		<depth>3</depth>
	</size>
	<segmented>0</segmented>
	<object>
		<name>vic</name>
		<pose>Unspecified</pose>
		<truncated>0</truncated>
		<difficult>0</difficult>
		<bndbox>
			<xmin>180</xmin>
			<ymin>22</ymin>
			<xmax>234</xmax>
			<ymax>89</ymax>
		</bndbox>
	</object>
</annotation>
