<annotation>
	<folder>images</folder>
	<filename>portrait-of-cheerful-young-woman-showing-two-fingers-or-victory-gesture-over-yellow-background-PRAFE2.jpg</filename>
	<path>D:\Software Project\victory_sign_data\images\portrait-of-cheerful-young-woman-showing-two-fingers-or-victory-gesture-over-yellow-background-PRAFE2.jpg</path>
	<source>
		<database>Unknown</database>
	</source>
	<size>
		<width>1300</width>
		<height>956</height>
		<depth>3</depth>
	</size>
	<segmented>0</segmented>
	<object>
		<name>vic</name>
		<pose>Unspecified</pose>
		<truncated>0</truncated>
		<difficult>0</difficult>
		<bndbox>
			<xmin>456</xmin>
			<ymin>164</ymin>
			<xmax>537</xmax>
			<ymax>264</ymax>
		</bndbox>
	</object>
</annotation>
