<annotation>
	<folder>images</folder>
	<filename>stock-photo-lifestyle-people-emotions-and-beauty-concept-enthusiastic-beautiful-asian-woman-in-casual-clothes-express-positive.jpg</filename>
	<path>D:\Software Project\victory_sign_data\images\stock-photo-lifestyle-people-emotions-and-beauty-concept-enthusiastic-beautiful-asian-woman-in-casual-clothes-express-positive.jpg</path>
	<source>
		<database>Unknown</database>
	</source>
	<size>
		<width>608</width>
		<height>406</height>
		<depth>3</depth>
	</size>
	<segmented>0</segmented>
	<object>
		<name>vic</name>
		<pose>Unspecified</pose>
		<truncated>0</truncated>
		<difficult>0</difficult>
		<bndbox>
			<xmin>108</xmin>
			<ymin>182</ymin>
			<xmax>163</xmax>
			<ymax>235</ymax>
		</bndbox>
	</object>
	<object>
		<name>vic</name>
		<pose>Unspecified</pose>
		<truncated>0</truncated>
		<difficult>0</difficult>
		<bndbox>
			<xmin>429</xmin>
			<ymin>174</ymin>
			<xmax>476</xmax>
			<ymax>233</ymax>
		</bndbox>
	</object>
</annotation>
