<annotation>
	<folder>images</folder>
	<filename>wes-skf001001.jpg</filename>
	<path>D:\Software Project\victory_sign_data\images\wes-skf001001.jpg</path>
	<source>
		<database>Unknown</database>
	</source>
	<size>
		<width>1050</width>
		<height>700</height>
		<depth>3</depth>
	</size>
	<segmented>0</segmented>
	<object>
		<name>vic</name>
		<pose>Unspecified</pose>
		<truncated>0</truncated>
		<difficult>0</difficult>
		<bndbox>
			<xmin>176</xmin>
			<ymin>299</ymin>
			<xmax>246</xmax>
			<ymax>380</ymax>
		</bndbox>
	</object>
	<object>
		<name>vic</name>
		<pose>Unspecified</pose>
		<truncated>0</truncated>
		<difficult>0</difficult>
		<bndbox>
			<xmin>569</xmin>
			<ymin>351</ymin>
			<xmax>657</xmax>
			<ymax>452</ymax>
		</bndbox>
	</object>
	<object>
		<name>vic</name>
		<pose>Unspecified</pose>
		<truncated>0</truncated>
		<difficult>0</difficult>
		<bndbox>
			<xmin>824</xmin>
			<ymin>227</ymin>
			<xmax>919</xmax>
			<ymax>329</ymax>
		</bndbox>
	</object>
</annotation>
