<annotation>
	<folder>images</folder>
	<filename>1000_F_169124629_jPLL5QcgsZDW8JoM7ZaT4L6Yr61GaGqA.jpg</filename>
	<path>D:\Software Project\Heart_sign_data\images\1000_F_169124629_jPLL5QcgsZDW8JoM7ZaT4L6Yr61GaGqA.jpg</path>
	<source>
		<database>Unknown</database>
	</source>
	<size>
		<width>936</width>
		<height>1000</height>
		<depth>3</depth>
	</size>
	<segmented>0</segmented>
	<object>
		<name>heart</name>
		<pose>Unspecified</pose>
		<truncated>0</truncated>
		<difficult>0</difficult>
		<bndbox>
			<xmin>233</xmin>
			<ymin>64</ymin>
			<xmax>695</xmax>
			<ymax>406</ymax>
		</bndbox>
	</object>
	<object>
		<name>heart</name>
		<pose>Unspecified</pose>
		<truncated>0</truncated>
		<difficult>0</difficult>
		<bndbox>
			<xmin>216</xmin>
			<ymin>511</ymin>
			<xmax>705</xmax>
			<ymax>882</ymax>
		</bndbox>
	</object>
</annotation>
