<annotation>
	<folder>images</folder>
	<filename>1000_F_189349634_cR5HZI2ZHO9wlAQZMdI9USBtpjYPXpgz.jpg</filename>
	<path>D:\Software Project\Heart_sign_data\images\1000_F_189349634_cR5HZI2ZHO9wlAQZMdI9USBtpjYPXpgz.jpg</path>
	<source>
		<database>Unknown</database>
	</source>
	<size>
		<width>1000</width>
		<height>903</height>
		<depth>3</depth>
	</size>
	<segmented>0</segmented>
	<object>
		<name>heart</name>
		<pose>Unspecified</pose>
		<truncated>0</truncated>
		<difficult>0</difficult>
		<bndbox>
			<xmin>444</xmin>
			<ymin>489</ymin>
			<xmax>672</xmax>
			<ymax>690</ymax>
		</bndbox>
	</object>
</annotation>
