<annotation>
	<folder>images</folder>
	<filename>1000_F_189350569_fO1UxFSKbr8bahqPxrsxLT1vQ4GXeoy9.jpg</filename>
	<path>D:\Software Project\Heart_sign_data\images\1000_F_189350569_fO1UxFSKbr8bahqPxrsxLT1vQ4GXeoy9.jpg</path>
	<source>
		<database>Unknown</database>
	</source>
	<size>
		<width>1000</width>
		<height>892</height>
		<depth>3</depth>
	</size>
	<segmented>0</segmented>
	<object>
		<name>heart</name>
		<pose>Unspecified</pose>
		<truncated>0</truncated>
		<difficult>0</difficult>
		<bndbox>
			<xmin>328</xmin>
			<ymin>337</ymin>
			<xmax>534</xmax>
			<ymax>550</ymax>
		</bndbox>
	</object>
</annotation>
