<annotation>
	<folder>images</folder>
	<filename>1000_F_223996295_SHB7F7BfE3aToddKmszGXhWJE2hFVZCo.jpg</filename>
	<path>D:\Software Project\Heart_sign_data\images\1000_F_223996295_SHB7F7BfE3aToddKmszGXhWJE2hFVZCo.jpg</path>
	<source>
		<database>Unknown</database>
	</source>
	<size>
		<width>1000</width>
		<height>667</height>
		<depth>3</depth>
	</size>
	<segmented>0</segmented>
	<object>
		<name>heart</name>
		<pose>Unspecified</pose>
		<truncated>0</truncated>
		<difficult>0</difficult>
		<bndbox>
			<xmin>436</xmin>
			<ymin>127</ymin>
			<xmax>579</xmax>
			<ymax>282</ymax>
		</bndbox>
	</object>
</annotation>
