<annotation>
	<folder>images</folder>
	<filename>1000_F_316821640_b4wupMWozbfHpNELrS1inxzl1JuvfFU6.jpg</filename>
	<path>D:\Software Project\Heart_sign_data\images\1000_F_316821640_b4wupMWozbfHpNELrS1inxzl1JuvfFU6.jpg</path>
	<source>
		<database>Unknown</database>
	</source>
	<size>
		<width>1000</width>
		<height>667</height>
		<depth>3</depth>
	</size>
	<segmented>0</segmented>
	<object>
		<name>heart</name>
		<pose>Unspecified</pose>
		<truncated>0</truncated>
		<difficult>0</difficult>
		<bndbox>
			<xmin>394</xmin>
			<ymin>415</ymin>
			<xmax>626</xmax>
			<ymax>613</ymax>
		</bndbox>
	</object>
</annotation>
