<annotation>
	<folder>images</folder>
	<filename>1000_F_162349392_JAFXMXz5c3xRCnnJO58TfR0tzW57DWCN.jpg</filename>
	<path>D:\Software Project\Heart_sign_data\images\1000_F_162349392_JAFXMXz5c3xRCnnJO58TfR0tzW57DWCN.jpg</path>
	<source>
		<database>Unknown</database>
	</source>
	<size>
		<width>1000</width>
		<height>667</height>
		<depth>3</depth>
	</size>
	<segmented>0</segmented>
	<object>
		<name>heart</name>
		<pose>Unspecified</pose>
		<truncated>0</truncated>
		<difficult>0</difficult>
		<bndbox>
			<xmin>137</xmin>
			<ymin>248</ymin>
			<xmax>186</xmax>
			<ymax>290</ymax>
		</bndbox>
	</object>
	<object>
		<name>heart</name>
		<pose>Unspecified</pose>
		<truncated>0</truncated>
		<difficult>0</difficult>
		<bndbox>
			<xmin>277</xmin>
			<ymin>221</ymin>
			<xmax>341</xmax>
			<ymax>265</ymax>
		</bndbox>
	</object>
	<object>
		<name>heart</name>
		<pose>Unspecified</pose>
		<truncated>0</truncated>
		<difficult>0</difficult>
		<bndbox>
			<xmin>423</xmin>
			<ymin>218</ymin>
			<xmax>495</xmax>
			<ymax>266</ymax>
		</bndbox>
	</object>
	<object>
		<name>heart</name>
		<pose>Unspecified</pose>
		<truncated>0</truncated>
		<difficult>0</difficult>
		<bndbox>
			<xmin>612</xmin>
			<ymin>227</ymin>
			<xmax>659</xmax>
			<ymax>277</ymax>
		</bndbox>
	</object>
	<object>
		<name>heart</name>
		<pose>Unspecified</pose>
		<truncated>0</truncated>
		<difficult>0</difficult>
		<bndbox>
			<xmin>766</xmin>
			<ymin>266</ymin>
			<xmax>824</xmax>
			<ymax>307</ymax>
		</bndbox>
	</object>
</annotation>
