<annotation>
	<folder>images</folder>
	<filename>117504749-portrait-of-attractive-couple.jpg</filename>
	<path>D:\Software Project\Heart_sign_data\images\117504749-portrait-of-attractive-couple.jpg</path>
	<source>
		<database>Unknown</database>
	</source>
	<size>
		<width>450</width>
		<height>300</height>
		<depth>3</depth>
	</size>
	<segmented>0</segmented>
	<object>
		<name>heart</name>
		<pose>Unspecified</pose>
		<truncated>0</truncated>
		<difficult>0</difficult>
		<bndbox>
			<xmin>109</xmin>
			<ymin>71</ymin>
			<xmax>358</xmax>
			<ymax>254</ymax>
		</bndbox>
	</object>
</annotation>
