<annotation>
	<folder>images</folder>
	<filename>192468212-cheerful-millennial-caucasian-and-arab-people-have-fun-together-show-heart-sign-near-chest.jpg</filename>
	<path>D:\Software Project\Heart_sign_data\images\192468212-cheerful-millennial-caucasian-and-arab-people-have-fun-together-show-heart-sign-near-chest.jpg</path>
	<source>
		<database>Unknown</database>
	</source>
	<size>
		<width>1300</width>
		<height>867</height>
		<depth>3</depth>
	</size>
	<segmented>0</segmented>
	<object>
		<name>heart</name>
		<pose>Unspecified</pose>
		<truncated>0</truncated>
		<difficult>0</difficult>
		<bndbox>
			<xmin>763</xmin>
			<ymin>380</ymin>
			<xmax>892</xmax>
			<ymax>474</ymax>
		</bndbox>
	</object>
	<object>
		<name>heart</name>
		<pose>Unspecified</pose>
		<truncated>0</truncated>
		<difficult>0</difficult>
		<bndbox>
			<xmin>414</xmin>
			<ymin>437</ymin>
			<xmax>516</xmax>
			<ymax>531</ymax>
		</bndbox>
	</object>
</annotation>
