<annotation>
	<folder>images</folder>
	<filename>1b1f312d07dc47177106bb5c222aea11.jpg</filename>
	<path>D:\Software Project\Heart_sign_data\images\1b1f312d07dc47177106bb5c222aea11.jpg</path>
	<source>
		<database>Unknown</database>
	</source>
	<size>
		<width>1400</width>
		<height>1094</height>
		<depth>3</depth>
	</size>
	<segmented>0</segmented>
	<object>
		<name>heart</name>
		<pose>Unspecified</pose>
		<truncated>0</truncated>
		<difficult>0</difficult>
		<bndbox>
			<xmin>385</xmin>
			<ymin>304</ymin>
			<xmax>1074</xmax>
			<ymax>823</ymax>
		</bndbox>
	</object>
</annotation>
