<annotation>
	<folder>images</folder>
	<filename>360_F_199425990_TcUjQPmP857Q17g9b5nZbpX5SDqm2EvL.jpg</filename>
	<path>D:\Software Project\Heart_sign_data\images\360_F_199425990_TcUjQPmP857Q17g9b5nZbpX5SDqm2EvL.jpg</path>
	<source>
		<database>Unknown</database>
	</source>
	<size>
		<width>540</width>
		<height>360</height>
		<depth>3</depth>
	</size>
	<segmented>0</segmented>
	<object>
		<name>heart</name>
		<pose>Unspecified</pose>
		<truncated>0</truncated>
		<difficult>0</difficult>
		<bndbox>
			<xmin>240</xmin>
			<ymin>205</ymin>
			<xmax>304</xmax>
			<ymax>267</ymax>
		</bndbox>
	</object>
</annotation>
