<annotation>
	<folder>images</folder>
	<filename>360_F_290347803_vOEnqTUYOjud9V9nbtb2beRS5yJ6wgii.jpg</filename>
	<path>D:\Software Project\Heart_sign_data\images\360_F_290347803_vOEnqTUYOjud9V9nbtb2beRS5yJ6wgii.jpg</path>
	<source>
		<database>Unknown</database>
	</source>
	<size>
		<width>540</width>
		<height>360</height>
		<depth>3</depth>
	</size>
	<segmented>0</segmented>
	<object>
		<name>heart</name>
		<pose>Unspecified</pose>
		<truncated>0</truncated>
		<difficult>0</difficult>
		<bndbox>
			<xmin>264</xmin>
			<ymin>250</ymin>
			<xmax>339</xmax>
			<ymax>313</ymax>
		</bndbox>
	</object>
</annotation>
