<annotation>
	<folder>images</folder>
	<filename>360_F_540949337_RAQuaePyVYZB17O7TMAIQLgY6GRFdm0l.jpg</filename>
	<path>D:\Software Project\Heart_sign_data\images\360_F_540949337_RAQuaePyVYZB17O7TMAIQLgY6GRFdm0l.jpg</path>
	<source>
		<database>Unknown</database>
	</source>
	<size>
		<width>661</width>
		<height>360</height>
		<depth>3</depth>
	</size>
	<segmented>0</segmented>
	<object>
		<name>heart</name>
		<pose>Unspecified</pose>
		<truncated>0</truncated>
		<difficult>0</difficult>
		<bndbox>
			<xmin>236</xmin>
			<ymin>86</ymin>
			<xmax>361</xmax>
			<ymax>201</ymax>
		</bndbox>
	</object>
	<object>
		<name>heart</name>
		<pose>Unspecified</pose>
		<truncated>0</truncated>
		<difficult>0</difficult>
		<bndbox>
			<xmin>482</xmin>
			<ymin>188</ymin>
			<xmax>593</xmax>
			<ymax>297</ymax>
		</bndbox>
	</object>
	<object>
		<name>heart</name>
		<pose>Unspecified</pose>
		<truncated>0</truncated>
		<difficult>0</difficult>
		<bndbox>
			<xmin>410</xmin>
			<ymin>116</ymin>
			<xmax>530</xmax>
			<ymax>204</ymax>
		</bndbox>
	</object>
</annotation>
