<annotation>
	<folder>images</folder>
	<filename>360_F_275799008_4Ns9ss2wPiaNzXnAxumhRuaJCA8k1sTv.jpg</filename>
	<path>D:\Software Project\Heart_sign_data\images\360_F_275799008_4Ns9ss2wPiaNzXnAxumhRuaJCA8k1sTv.jpg</path>
	<source>
		<database>Unknown</database>
	</source>
	<size>
		<width>540</width>
		<height>360</height>
		<depth>3</depth>
	</size>
	<segmented>0</segmented>
	<object>
		<name>heart</name>
		<pose>Unspecified</pose>
		<truncated>0</truncated>
		<difficult>0</difficult>
		<bndbox>
			<xmin>265</xmin>
			<ymin>221</ymin>
			<xmax>324</xmax>
			<ymax>272</ymax>
		</bndbox>
	</object>
</annotation>
