<annotation>
	<folder>images</folder>
	<filename>360_F_546220179_JzjZLgNpAoO69cATzFYfzjclYEcvYC3E.jpg</filename>
	<path>D:\Software Project\Heart_sign_data\images\360_F_546220179_JzjZLgNpAoO69cATzFYfzjclYEcvYC3E.jpg</path>
	<source>
		<database>Unknown</database>
	</source>
	<size>
		<width>621</width>
		<height>360</height>
		<depth>3</depth>
	</size>
	<segmented>0</segmented>
	<object>
		<name>heart</name>
		<pose>Unspecified</pose>
		<truncated>0</truncated>
		<difficult>0</difficult>
		<bndbox>
			<xmin>222</xmin>
			<ymin>49</ymin>
			<xmax>288</xmax>
			<ymax>104</ymax>
		</bndbox>
	</object>
	<object>
		<name>heart</name>
		<pose>Unspecified</pose>
		<truncated>0</truncated>
		<difficult>0</difficult>
		<bndbox>
			<xmin>327</xmin>
			<ymin>53</ymin>
			<xmax>414</xmax>
			<ymax>125</ymax>
		</bndbox>
	</object>
	<object>
		<name>heart</name>
		<pose>Unspecified</pose>
		<truncated>0</truncated>
		<difficult>0</difficult>
		<bndbox>
			<xmin>23</xmin>
			<ymin>111</ymin>
			<xmax>94</xmax>
			<ymax>176</ymax>
		</bndbox>
	</object>
	<object>
		<name>heart</name>
		<pose>Unspecified</pose>
		<truncated>0</truncated>
		<difficult>0</difficult>
		<bndbox>
			<xmin>134</xmin>
			<ymin>93</ymin>
			<xmax>178</xmax>
			<ymax>137</ymax>
		</bndbox>
	</object>
</annotation>
