<annotation>
	<folder>images</folder>
	<filename>360_F_258533835_3mY1PW1aA4dQS7twdCaZqFGZRtbXtZMn.jpg</filename>
	<path>D:\Software Project\Heart_sign_data\images\360_F_258533835_3mY1PW1aA4dQS7twdCaZqFGZRtbXtZMn.jpg</path>
	<source>
		<database>Unknown</database>
	</source>
	<size>
		<width>640</width>
		<height>360</height>
		<depth>3</depth>
	</size>
	<segmented>0</segmented>
	<object>
		<name>heart</name>
		<pose>Unspecified</pose>
		<truncated>0</truncated>
		<difficult>0</difficult>
		<bndbox>
			<xmin>328</xmin>
			<ymin>207</ymin>
			<xmax>396</xmax>
			<ymax>260</ymax>
		</bndbox>
	</object>
</annotation>
