<annotation>
	<folder>images</folder>
	<filename>360_F_229153086_iDD3rDavZhG4oFlyRXWke4wB22uOX6H6.jpg</filename>
	<path>D:\Software Project\Heart_sign_data\images\360_F_229153086_iDD3rDavZhG4oFlyRXWke4wB22uOX6H6.jpg</path>
	<source>
		<database>Unknown</database>
	</source>
	<size>
		<width>540</width>
		<height>360</height>
		<depth>3</depth>
	</size>
	<segmented>0</segmented>
	<object>
		<name>heart</name>
		<pose>Unspecified</pose>
		<truncated>0</truncated>
		<difficult>0</difficult>
		<bndbox>
			<xmin>188</xmin>
			<ymin>101</ymin>
			<xmax>348</xmax>
			<ymax>255</ymax>
		</bndbox>
	</object>
</annotation>
