<annotation>
	<folder>images</folder>
	<filename>360_F_247610015_JKgVwFUjQI78ZNoCVjBHLVY979TXDG1N.jpg</filename>
	<path>D:\Software Project\Heart_sign_data\images\360_F_247610015_JKgVwFUjQI78ZNoCVjBHLVY979TXDG1N.jpg</path>
	<source>
		<database>Unknown</database>
	</source>
	<size>
		<width>585</width>
		<height>360</height>
		<depth>3</depth>
	</size>
	<segmented>0</segmented>
	<object>
		<name>heart</name>
		<pose>Unspecified</pose>
		<truncated>0</truncated>
		<difficult>0</difficult>
		<bndbox>
			<xmin>272</xmin>
			<ymin>118</ymin>
			<xmax>483</xmax>
			<ymax>317</ymax>
		</bndbox>
	</object>
</annotation>
