<annotation>
	<folder>images</folder>
	<filename>41866911-heart-symbol-by-man-man-making-heart-with-his-hands-isolated-on-his-t-shirt.jpg</filename>
	<path>D:\Software Project\Heart_sign_data\images\41866911-heart-symbol-by-man-man-making-heart-with-his-hands-isolated-on-his-t-shirt.jpg</path>
	<source>
		<database>Unknown</database>
	</source>
	<size>
		<width>1300</width>
		<height>866</height>
		<depth>3</depth>
	</size>
	<segmented>0</segmented>
	<object>
		<name>heart</name>
		<pose>Unspecified</pose>
		<truncated>0</truncated>
		<difficult>0</difficult>
		<bndbox>
			<xmin>498</xmin>
			<ymin>335</ymin>
			<xmax>859</xmax>
			<ymax>682</ymax>
		</bndbox>
	</object>
</annotation>
