<annotation>
	<folder>images</folder>
	<filename>46080003-love-family-and-people-concept-happy-couple-in-love-showing-heart-with-their-fingers.jpg</filename>
	<path>D:\Software Project\Heart_sign_data\images\46080003-love-family-and-people-concept-happy-couple-in-love-showing-heart-with-their-fingers.jpg</path>
	<source>
		<database>Unknown</database>
	</source>
	<size>
		<width>1300</width>
		<height>1051</height>
		<depth>3</depth>
	</size>
	<segmented>0</segmented>
	<object>
		<name>heart</name>
		<pose>Unspecified</pose>
		<truncated>0</truncated>
		<difficult>0</difficult>
		<bndbox>
			<xmin>546</xmin>
			<ymin>596</ymin>
			<xmax>795</xmax>
			<ymax>797</ymax>
		</bndbox>
	</object>
</annotation>
