<annotation>
	<folder>images</folder>
	<filename>56570973-young-indian-man-doing-a-heart-gesture-isolated-white-background.jpg</filename>
	<path>D:\Software Project\Heart_sign_data\images\56570973-young-indian-man-doing-a-heart-gesture-isolated-white-background.jpg</path>
	<source>
		<database>Unknown</database>
	</source>
	<size>
		<width>1300</width>
		<height>935</height>
		<depth>3</depth>
	</size>
	<segmented>0</segmented>
	<object>
		<name>heart</name>
		<pose>Unspecified</pose>
		<truncated>0</truncated>
		<difficult>0</difficult>
		<bndbox>
			<xmin>452</xmin>
			<ymin>456</ymin>
			<xmax>664</xmax>
			<ymax>649</ymax>
		</bndbox>
	</object>
</annotation>
