<annotation>
	<folder>images</folder>
	<filename>86954283-portrait-of-handsome-smiling-bearded-man-showing-heart-sign-with-hands.jpg</filename>
	<path>D:\Software Project\Heart_sign_data\images\86954283-portrait-of-handsome-smiling-bearded-man-showing-heart-sign-with-hands.jpg</path>
	<source>
		<database>Unknown</database>
	</source>
	<size>
		<width>1300</width>
		<height>994</height>
		<depth>3</depth>
	</size>
	<segmented>0</segmented>
	<object>
		<name>heart</name>
		<pose>Unspecified</pose>
		<truncated>0</truncated>
		<difficult>0</difficult>
		<bndbox>
			<xmin>788</xmin>
			<ymin>305</ymin>
			<xmax>1204</xmax>
			<ymax>664</ymax>
		</bndbox>
	</object>
</annotation>
