<annotation>
	<folder>images</folder>
	<filename>99725712-happiness-businessman-showing-heart-shape-sign-business-people-concept-good-and-bad-emotion-and.jpg</filename>
	<path>D:\Software Project\Heart_sign_data\images\99725712-happiness-businessman-showing-heart-shape-sign-business-people-concept-good-and-bad-emotion-and.jpg</path>
	<source>
		<database>Unknown</database>
	</source>
	<size>
		<width>1300</width>
		<height>866</height>
		<depth>3</depth>
	</size>
	<segmented>0</segmented>
	<object>
		<name>heart</name>
		<pose>Unspecified</pose>
		<truncated>0</truncated>
		<difficult>0</difficult>
		<bndbox>
			<xmin>638</xmin>
			<ymin>302</ymin>
			<xmax>768</xmax>
			<ymax>417</ymax>
		</bndbox>
	</object>
</annotation>
