<annotation>
	<folder>images</folder>
	<filename>_HP_9797.jpg</filename>
	<path>D:\Software Project\Heart_sign_data\images\_HP_9797.jpg</path>
	<source>
		<database>Unknown</database>
	</source>
	<size>
		<width>590</width>
		<height>393</height>
		<depth>3</depth>
	</size>
	<segmented>0</segmented>
	<object>
		<name>heart</name>
		<pose>Unspecified</pose>
		<truncated>0</truncated>
		<difficult>0</difficult>
		<bndbox>
			<xmin>277</xmin>
			<ymin>69</ymin>
			<xmax>323</xmax>
			<ymax>111</ymax>
		</bndbox>
	</object>
</annotation>
