<annotation>
	<folder>images</folder>
	<filename>depositphotos_75280103-stock-photo-woman-showing-heart-symbol-hand.jpg</filename>
	<path>D:\Software Project\Heart_sign_data\images\depositphotos_75280103-stock-photo-woman-showing-heart-symbol-hand.jpg</path>
	<source>
		<database>Unknown</database>
	</source>
	<size>
		<width>697</width>
		<height>1024</height>
		<depth>3</depth>
	</size>
	<segmented>0</segmented>
	<object>
		<name>heart</name>
		<pose>Unspecified</pose>
		<truncated>0</truncated>
		<difficult>0</difficult>
		<bndbox>
			<xmin>322</xmin>
			<ymin>512</ymin>
			<xmax>491</xmax>
			<ymax>673</ymax>
		</bndbox>
	</object>
</annotation>
