<annotation>
	<folder>images</folder>
	<filename>depositphotos_102143842-stock-photo-man-making-heart-with-hands.jpg</filename>
	<path>D:\Software Project\Heart_sign_data\images\depositphotos_102143842-stock-photo-man-making-heart-with-hands.jpg</path>
	<source>
		<database>Unknown</database>
	</source>
	<size>
		<width>1024</width>
		<height>740</height>
		<depth>3</depth>
	</size>
	<segmented>0</segmented>
	<object>
		<name>heart</name>
		<pose>Unspecified</pose>
		<truncated>0</truncated>
		<difficult>0</difficult>
		<bndbox>
			<xmin>452</xmin>
			<ymin>492</ymin>
			<xmax>601</xmax>
			<ymax>631</ymax>
		</bndbox>
	</object>
</annotation>
