<annotation>
	<folder>images</folder>
	<filename>depositphotos_101669214-stock-photo-man-making-heart-with-hands.jpg</filename>
	<path>D:\Software Project\Heart_sign_data\images\depositphotos_101669214-stock-photo-man-making-heart-with-hands.jpg</path>
	<source>
		<database>Unknown</database>
	</source>
	<size>
		<width>682</width>
		<height>1023</height>
		<depth>3</depth>
	</size>
	<segmented>0</segmented>
	<object>
		<name>heart</name>
		<pose>Unspecified</pose>
		<truncated>0</truncated>
		<difficult>0</difficult>
		<bndbox>
			<xmin>167</xmin>
			<ymin>284</ymin>
			<xmax>506</xmax>
			<ymax>614</ymax>
		</bndbox>
	</object>
</annotation>
