<annotation>
	<folder>images</folder>
	<filename>DSCF5382.jpg</filename>
	<path>D:\Software Project\Heart_sign_data\images\DSCF5382.jpg</path>
	<source>
		<database>Unknown</database>
	</source>
	<size>
		<width>590</width>
		<height>393</height>
		<depth>3</depth>
	</size>
	<segmented>0</segmented>
	<object>
		<name>heart</name>
		<pose>Unspecified</pose>
		<truncated>0</truncated>
		<difficult>0</difficult>
		<bndbox>
			<xmin>262</xmin>
			<ymin>64</ymin>
			<xmax>327</xmax>
			<ymax>124</ymax>
		</bndbox>
	</object>
</annotation>
