<annotation>
	<folder>images</folder>
	<filename>heart-hands-sign-black-woman-and-portrait-of-a-young-person-in-a-urban-street-showing-love-gesture-african-female-happiness-and-smile-with-mock-up-2MBP2D7.jpg</filename>
	<path>D:\Software Project\Heart_sign_data\images\heart-hands-sign-black-woman-and-portrait-of-a-young-person-in-a-urban-street-showing-love-gesture-african-female-happiness-and-smile-with-mock-up-2MBP2D7.jpg</path>
	<source>
		<database>Unknown</database>
	</source>
	<size>
		<width>1300</width>
		<height>957</height>
		<depth>3</depth>
	</size>
	<segmented>0</segmented>
	<object>
		<name>heart</name>
		<pose>Unspecified</pose>
		<truncated>0</truncated>
		<difficult>0</difficult>
		<bndbox>
			<xmin>438</xmin>
			<ymin>421</ymin>
			<xmax>592</xmax>
			<ymax>576</ymax>
		</bndbox>
	</object>
</annotation>
