<annotation>
	<folder>images</folder>
	<filename>istockphoto-1287379422-612x612.jpg</filename>
	<path>D:\Software Project\Heart_sign_data\images\istockphoto-1287379422-612x612.jpg</path>
	<source>
		<database>Unknown</database>
	</source>
	<size>
		<width>612</width>
		<height>408</height>
		<depth>3</depth>
	</size>
	<segmented>0</segmented>
	<object>
		<name>heart</name>
		<pose>Unspecified</pose>
		<truncated>0</truncated>
		<difficult>0</difficult>
		<bndbox>
			<xmin>241</xmin>
			<ymin>117</ymin>
			<xmax>444</xmax>
			<ymax>327</ymax>
		</bndbox>
	</object>
</annotation>
