<annotation>
	<folder>images</folder>
	<filename>male-hands-show-heart-sign-2648460.jpg</filename>
	<path>D:\Software Project\Heart_sign_data\images\male-hands-show-heart-sign-2648460.jpg</path>
	<source>
		<database>Unknown</database>
	</source>
	<size>
		<width>1500</width>
		<height>1000</height>
		<depth>3</depth>
	</size>
	<segmented>0</segmented>
	<object>
		<name>heart</name>
		<pose>Unspecified</pose>
		<truncated>0</truncated>
		<difficult>0</difficult>
		<bndbox>
			<xmin>499</xmin>
			<ymin>293</ymin>
			<xmax>872</xmax>
			<ymax>726</ymax>
		</bndbox>
	</object>
</annotation>
