<annotation>
	<folder>images</folder>
	<filename>small-group-of-young-adult-multiethnic-friends-showing-heart-sign-with-hands-photo.jpg</filename>
	<path>D:\Software Project\Heart_sign_data\images\small-group-of-young-adult-multiethnic-friends-showing-heart-sign-with-hands-photo.jpg</path>
	<source>
		<database>Unknown</database>
	</source>
	<size>
		<width>1470</width>
		<height>980</height>
		<depth>3</depth>
	</size>
	<segmented>0</segmented>
	<object>
		<name>heart</name>
		<pose>Unspecified</pose>
		<truncated>0</truncated>
		<difficult>0</difficult>
		<bndbox>
			<xmin>673</xmin>
			<ymin>556</ymin>
			<xmax>822</xmax>
			<ymax>667</ymax>
		</bndbox>
	</object>
	<object>
		<name>heart</name>
		<pose>Unspecified</pose>
		<truncated>0</truncated>
		<difficult>0</difficult>
		<bndbox>
			<xmin>1063</xmin>
			<ymin>407</ymin>
			<xmax>1244</xmax>
			<ymax>558</ymax>
		</bndbox>
	</object>
</annotation>
