<annotation>
	<folder>images</folder>
	<filename>smiling-african-man-showing-heart-sign-with-fingers-feels-grateful-for-love-thankful-and-support-2EK23HK.jpg</filename>
	<path>D:\Software Project\Heart_sign_data\images\smiling-african-man-showing-heart-sign-with-fingers-feels-grateful-for-love-thankful-and-support-2EK23HK.jpg</path>
	<source>
		<database>Unknown</database>
	</source>
	<size>
		<width>1300</width>
		<height>956</height>
		<depth>3</depth>
	</size>
	<segmented>0</segmented>
	<object>
		<name>heart</name>
		<pose>Unspecified</pose>
		<truncated>0</truncated>
		<difficult>0</difficult>
		<bndbox>
			<xmin>401</xmin>
			<ymin>420</ymin>
			<xmax>564</xmax>
			<ymax>589</ymax>
		</bndbox>
	</object>
</annotation>
