<annotation>
	<folder>images</folder>
	<filename>stock-photo-smiling-woman-showing-heart-sign-on-urban-wall-background-with-copy-space-kindness-of-people.jpg</filename>
	<path>D:\Software Project\Heart_sign_data\images\stock-photo-smiling-woman-showing-heart-sign-on-urban-wall-background-with-copy-space-kindness-of-people.jpg</path>
	<source>
		<database>Unknown</database>
	</source>
	<size>
		<width>608</width>
		<height>405</height>
		<depth>3</depth>
	</size>
	<segmented>0</segmented>
	<object>
		<name>heart</name>
		<pose>Unspecified</pose>
		<truncated>0</truncated>
		<difficult>0</difficult>
		<bndbox>
			<xmin>211</xmin>
			<ymin>231</ymin>
			<xmax>288</xmax>
			<ymax>301</ymax>
		</bndbox>
	</object>
</annotation>
