<annotation>
	<folder>images</folder>
	<filename>tender-gentle-two-people-couple-hug-show-finger-heart-shape-love-sign_274222-26274.jpg</filename>
	<path>D:\Software Project\Heart_sign_data\images\tender-gentle-two-people-couple-hug-show-finger-heart-shape-love-sign_274222-26274.jpg</path>
	<source>
		<database>Unknown</database>
	</source>
	<size>
		<width>626</width>
		<height>417</height>
		<depth>3</depth>
	</size>
	<segmented>0</segmented>
	<object>
		<name>heart</name>
		<pose>Unspecified</pose>
		<truncated>0</truncated>
		<difficult>0</difficult>
		<bndbox>
			<xmin>291</xmin>
			<ymin>191</ymin>
			<xmax>349</xmax>
			<ymax>241</ymax>
		</bndbox>
	</object>
</annotation>
