<annotation>
	<folder>images</folder>
	<filename>woman-showing-heart-sign-1.jpg</filename>
	<path>D:\Software Project\Heart_sign_data\images\woman-showing-heart-sign-1.jpg</path>
	<source>
		<database>Unknown</database>
	</source>
	<size>
		<width>1000</width>
		<height>667</height>
		<depth>3</depth>
	</size>
	<segmented>0</segmented>
	<object>
		<name>heart</name>
		<pose>Unspecified</pose>
		<truncated>0</truncated>
		<difficult>0</difficult>
		<bndbox>
			<xmin>442</xmin>
			<ymin>212</ymin>
			<xmax>531</xmax>
			<ymax>292</ymax>
		</bndbox>
	</object>
</annotation>
