<annotation>
	<folder>images</folder>
	<filename>young-woman-smiling-outdoor-beautiful-brunete-girl-showing-heart-sign-with-hands-on-park-or-garden-green-background-free-happy-woman-at-summertime-freedom-happiness-carefree-happy-people-concept-p.jpg</filename>
	<path>D:\Software Project\Heart_sign_data\images\young-woman-smiling-outdoor-beautiful-brunete-girl-showing-heart-sign-with-hands-on-park-or-garden-green-background-free-happy-woman-at-summertime-freedom-happiness-carefree-happy-people-concept-p.jpg</path>
	<source>
		<database>Unknown</database>
	</source>
	<size>
		<width>600</width>
		<height>400</height>
		<depth>3</depth>
	</size>
	<segmented>0</segmented>
	<object>
		<name>heart</name>
		<pose>Unspecified</pose>
		<truncated>0</truncated>
		<difficult>0</difficult>
		<bndbox>
			<xmin>204</xmin>
			<ymin>135</ymin>
			<xmax>274</xmax>
			<ymax>212</ymax>
		</bndbox>
	</object>
</annotation>
